Xw,Yw,Zw
-1.499998290091753,103.20507884025574,21.243552288948564
-1.499998290091753,103.4550788346678,20.81053960450674
-1.499998290091753,103.70507882907987,20.377526920064916
-1.499998290091753,103.95507882349193,19.94451423562311
-1.499998290091753,104.205078817904,19.511501551181286
-1.2499982956796885,104.45507881231606,19.078488866739463
-1.2499982956796885,104.70507880672812,18.64547618229766
-1.2499982956796885,104.95507880114019,18.212463497855836
-1.2499982956796885,105.20507879555225,17.77945081341401
-1.2499982956796885,105.45507878996432,17.346438128972185
-0.9999983012676239,105.70507878437638,16.91342544453036
-0.9999983012676239,105.95507877878845,16.48041276008856
-0.9999983012676239,106.20507877320051,16.047400075646735
-0.9999983012676239,106.45507876761258,15.61438739120491
-0.9999983012676239,106.70507876202464,15.181374706763107
-0.7499983068555593,106.9550787564367,14.748362022321281
-0.7499983068555593,107.20507875084877,14.315349337879457
-0.7499983068555593,107.45507874526083,13.882336653437633
-0.7499983068555593,107.7050787396729,13.449323968995808
-0.7499983068555593,107.95507873408496,13.016311284554005
-0.7499983068555593,108.20507872849703,12.58329860011218
-0.4999983124434948,108.4550787229091,12.150285915670356
-0.4999983124434948,108.70507871732116,11.717273231228553
-0.4999983124434948,108.95507871173322,11.28426054678673
-0.4999983124434948,109.20507870614529,10.851247862344904
-0.4999983124434948,109.45507870055735,10.418235177903078
-0.4999983124434948,109.70507869496942,9.985222493461254
-0.4999983124434948,109.95507868938148,9.552209809019452
-0.24999831803143024,110.20507868379354,9.119197124577628
-0.24999831803143024,110.45507867820561,8.686184440135802
-0.24999831803143024,110.70507867261767,8.253171755694
-0.24999831803143024,110.95507866702974,7.820159071252175
-0.24999831803143024,111.2050786614418,7.38714638681035
-0.24999831803143024,111.45507865585387,6.954133702368526
-0.24999831803143024,111.70507865026593,6.521121017926701
1.6763806343078613e-06,111.955078644678,6.088108333484898
1.6763806343078613e-06,112.20507863909006,5.655095649043074
1.6763806343078613e-06,112.45507863350213,5.222082964601249
1.6763806343078613e-06,112.70507862791419,4.7890702801594465
1.6763806343078613e-06,112.95507862232625,4.356057595717622
1.6763806343078613e-06,113.20507861673832,3.923044911275797
1.6763806343078613e-06,113.45507861115038,3.4900322268339723
1.6763806343078613e-06,113.70507860556245,3.0570195423921476
1.6763806343078613e-06,113.95507859997451,2.624006857950345
0.25000167079269886,114.20507859438658,2.1909941735085203
0.25000167079269886,114.45507858879864,1.7579814890666956
0.25000167079269886,114.7050785832107,1.324968804624893
0.25000167079269886,114.95507857762277,0.8919561201830684
0.25000167079269886,115.20507857203484,0.45894343574124363
0.25000167079269886,115.4550785664469,0.025930751299418908
0.25000167079269886,115.70507856085896,-0.4070819331423947
0.25000167079269886,115.95507855527103,-0.8400946175842083
0.25000167079269886,116.2050785496831,-1.273107302026033
0.25000167079269886,116.45507854409516,-1.7061199864678578
0.25000167079269886,116.70507853850722,-2.1391326709096714
0.5000016652047634,116.95507853291929,-2.572145355351485
0.5000016652047634,117.20507852733135,-3.0051580397933098
0.5000016652047634,117.45507852174342,-3.4381707242351345
0.5000016652047634,117.70507851615548,-3.871183408676948
0.5000016652047634,117.95507851056755,-4.304196093118762
0.5000016652047634,118.20507850497961,-4.7372087775605864
0.5000016652047634,118.45507849939167,-5.170221462002411
0.5000016652047634,118.70507849380374,-5.603234146444224
0.5000016652047634,118.9550784882158,-6.036246830886038
0.5000016652047634,119.20507848262787,-6.469259515327863
0.5000016652047634,119.45507847703993,-6.902272199769688
0.5000016652047634,119.705078471452,-7.335284884211502
0.5000016652047634,119.95507846586406,-7.768297568653315
0.750001659616828,120.20507846027613,-8.20131025309514
0.750001659616828,120.45507845468819,-8.634322937536965
0.750001659616828,120.70507844910026,-9.067335621978778
0.750001659616828,120.95507844351232,-9.500348306420591
0.750001659616828,121.20507843792439,-9.933360990862417
0.750001659616828,121.45507843233645,-10.366373675304242
0.750001659616828,121.70507842674851,-10.799386359746055
0.750001659616828,121.95507842116058,-11.232399044187868
0.750001659616828,122.20507841557264,-11.665411728629692
0.750001659616828,122.45507840998471,-12.098424413071518
0.750001659616828,122.70507840439677,-12.531437097513331
0.750001659616828,122.95507839880884,-12.964449781955146
0.750001659616828,123.2050783932209,-13.39746246639697
0.750001659616828,123.45507838763297,-13.830475150838794
0.750001659616828,123.70507838204503,-14.263487835280609
0.750001659616828,123.9550783764571,-14.696500519722422
0.750001659616828,124.20507837086916,-15.129513204164247
1.0000016540288925,124.45507836528122,-15.562525888606071
1.0000016540288925,124.70507835969329,-15.995538573047885
1.0000016540288925,124.95507835410535,-16.428551257489698
1.0000016540288925,125.20507834851742,-16.86156394193152
1.0000016540288925,125.45507834292948,-17.29457662637335
1.0000016540288925,125.70507833734155,-17.727589310815162
1.0000016540288925,125.95507833175361,-18.160601995256975
1.0000016540288925,126.20507832616568,-18.5936146796988
1.0000016540288925,126.45507832057774,-19.026627364140623
1.0000016540288925,126.7050783149898,-19.45964004858244
1.0000016540288925,126.95507830940187,-19.892652733024253
1.0000016540288925,127.20507830381393,-20.325665417466077
1.0000016540288925,127.455078298226,-20.7586781019079
1.0000016540288925,127.70507829263806,-21.191690786349714
1.0000016540288925,127.95507828705013,-21.62470347079153
1.0000016540288925,128.2050782814622,-22.057716155233354
1.0000016540288925,128.45507827587426,-22.490728839675178
1.0000016540288925,128.70507827028632,-22.92374152411699
1.0000016540288925,128.9550782646984,-23.356754208558804
1.0000016540288925,129.20507825911045,-23.789766893000632
1.0000016540288925,129.45507825352252,-24.222779577442456
1.250001648440957,129.70507824793458,-24.65579226188427
1.250001648440957,129.95507824234664,-25.088804946326082
1.250001648440957,130.2050782367587,-25.521817630767906
1.250001648440957,130.45507823117077,-25.954830315209733
1.250001648440957,130.70507822558284,-26.387842999651546
1.250001648440957,130.9550782199949,-26.82085568409336
1.250001648440957,131.20507821440697,-27.253868368535183
1.250001648440957,131.45507820881903,-27.686881052977007
1.250001648440957,131.7050782032311,-28.11989373741882
1.250001648440957,131.95507819764316,-28.552906421860634
1.250001648440957,132.20507819205523,-28.98591910630246
1.250001648440957,132.4550781864673,-29.418931790744285
1.250001648440957,132.70507818087935,-29.851944475186098
1.250001648440957,132.95507817529142,-30.28495715962791
1.250001648440957,133.20507816970348,-30.717969844069735
1.250001648440957,133.45507816411555,-31.150982528511562
1.250001648440957,133.7050781585276,-31.583995212953376
1.250001648440957,133.95507815293968,-32.01700789739519
1.250001648440957,134.20507814735174,-32.450020581837016
1.250001648440957,134.4550781417638,-32.88303326627884
1.250001648440957,134.70507813617587,-33.31604595072065
1.250001648440957,134.95507813058794,-33.74905863516246
1.250001648440957,135.205078125,-34.18207131960429
1.250001648440957,135.45507811941206,-34.61508400404612
1.5000016428530216,135.70507811382413,-35.04809668848793
1.5000016428530216,135.9550781082362,-35.481109372929744
1.5000016428530216,136.20507810264826,-35.914122057371564
1.5000016428530216,136.45507809706032,-36.34713474181339
1.5000016428530216,136.7050780914724,-36.780147426255205
1.5000016428530216,136.95507808588445,-37.21316011069702
1.5000016428530216,137.20507808029652,-37.646172795138845
1.5000016428530216,137.45507807470858,-38.079185479580666
1.5000016428530216,137.70507806912065,-38.51219816402248
1.5000016428530216,137.9550780635327,-38.9452108484643
1.5000016428530216,138.20507805794477,-39.37822353290612
1.5000016428530216,138.45507805235684,-39.81123621734795
1.5000016428530216,138.7050780467689,-40.24424890178976
1.5000016428530216,138.95507804118097,-40.67726158623157
1.5000016428530216,139.20507803559303,-41.1102742706734
1.5000016428530216,139.4550780300051,-41.54328695511522
1.5000016428530216,139.70507802441716,-41.976299639557034
1.5000016428530216,139.95507801882923,-42.40931232399885
1.5000016428530216,140.2050780132413,-42.842325008440675
1.5000016428530216,140.45507800765336,-43.2753376928825
1.5000016428530216,140.70507800206542,-43.708350377324315
1.5000016428530216,140.95507799647748,-44.14136306176613
1.5000016428530216,141.20507799088955,-44.57437574620795
1.5000016428530216,141.4550779853016,-45.007388430649776
1.5000016428530216,141.70507797971368,-45.44040111509159
1.5000016428530216,141.95507797412574,-45.8734137995334
1.7500016372650862,142.2050779685378,-46.30642648397523
1.7500016372650862,142.45507796294987,-46.73943916841705
1.7500016372650862,142.70507795736194,-47.17245185285886
1.7500016372650862,142.955077951774,-47.605464537300676
1.7500016372650862,143.20507794618607,-48.038477221742504
1.7500016372650862,143.45507794059813,-48.47148990618433
1.7500016372650862,143.7050779350102,-48.904502590626144
1.7500016372650862,143.95507792942226,-49.33751527506796
1.7500016372650862,144.20507792383432,-49.77052795950978
1.7500016372650862,144.4550779182464,-50.203540643951605
1.7500016372650862,144.70507791265845,-50.63655332839342
1.7500016372650862,144.95507790707052,-51.06956601283523
1.7500016372650862,145.20507790148258,-51.50257869727706
1.7500016372650862,145.45507789589465,-51.93559138171888
1.7500016372650862,145.7050778903067,-52.36860406616069
1.7500016372650862,145.95507788471878,-52.801616750602506
1.7500016372650862,146.20507787913084,-53.23462943504433
1.7500016372650862,146.4550778735429,-53.66764211948616
1.7500016372650862,146.70507786795497,-54.10065480392797
1.7500016372650862,146.95507786236703,-54.53366748836979
1.7500016372650862,147.2050778567791,-54.96668017281161
1.7500016372650862,147.45507785119116,-55.399692857253434
1.7500016372650862,147.70507784560323,-55.83270554169525
1.7500016372650862,147.9550778400153,-56.26571822613706
1.7500016372650862,148.20507783442736,-56.69873091057889
1.7500016372650862,148.45507782883942,-57.13174359502071
1.7500016372650862,148.7050778232515,-57.56475627946253
1.7500016372650862,148.95507781766355,-57.99776896390434
1.7500016372650862,149.20507781207561,-58.43078164834616
1.7500016372650862,149.45507780648768,-58.86379433278799
1.7500016372650862,149.70507780089974,-59.2968070172298
1.7500016372650862,149.9550777953118,-59.729819701671616
1.7500016372650862,150.20507778972387,-60.16283238611344
1.7500016372650862,150.45507778413594,-60.595845070555264
1.7500016372650862,150.705077778548,-61.02885775499708
1.7500016372650862,150.95507777296007,-61.46187043943889
1.7500016372650862,151.20507776737213,-61.89488312388072
1.7500016372650862,151.4550777617842,-62.327895808322545
1.7500016372650862,151.70507775619626,-62.76090849276436
1.7500016372650862,151.95507775060833,-63.19392117720617
1.7500016372650862,152.2050777450204,-63.62693386164799
1.7500016372650862,152.45507773943245,-64.05994654608982
1.7500016372650862,152.70507773384452,-64.49295923053164
1.7500016372650862,152.95507772825658,-64.92597191497345
1.7500016372650862,153.20507772266865,-65.35898459941527
1.7500016372650862,153.4550777170807,-65.7919972838571
1.7500016372650862,153.70507771149278,-66.2250099682989
1.7500016372650862,153.95507770590484,-66.65802265274073
1.7500016372650862,154.2050777003169,-67.09103533718255
1.7500016372650862,154.45507769472897,-67.52404802162437
1.7500016372650862,154.70507768914104,-67.95706070606619
1.7500016372650862,154.9550776835531,-68.390073390508
1.7500016372650862,155.20507767796516,-68.82308607494983
1.7500016372650862,155.45507767237723,-69.25609875939165
1.7500016372650862,155.7050776667893,-69.68911144383347
1.7500016372650862,155.95507766120136,-70.12212412827527
1.7500016372650862,156.20507765561342,-70.5551368127171
1.7500016372650862,156.4550776500255,-70.98814949715893
1.7500016372650862,156.70507764443755,-71.42116218160074
1.7500016372650862,156.95507763884962,-71.85417486604256
1.7500016372650862,157.20507763326168,-72.28718755048438
1.7500016372650862,157.45507762767375,-72.7202002349262
1.7500016372650862,157.7050776220858,-73.15321291936802
1.7500016372650862,157.95507761649787,-73.58622560380982
1.7500016372650862,158.20507761090994,-74.01923828825166
1.7500016372650862,158.455077605322,-74.45225097269348
1.7500016372650862,158.70507759973407,-74.8852636571353
1.7500016372650862,158.95507759414613,-75.3182763415771
1.7500016372650862,159.2050775885582,-75.75128902601892
1.7500016372650862,159.45507758297026,-76.18430171046076
1.7500016372650862,159.70507757738233,-76.61731439490256
1.7500016372650862,159.9550775717944,-77.05032707934438
1.7500016372650862,160.20507756620646,-77.4833397637862
1.7500016372650862,160.45507756061852,-77.91635244822803
1.5000016428530216,160.70507755503058,-78.34936513266985
1.5000016428530216,160.95507754944265,-78.78237781711167
1.5000016428530216,161.2050775438547,-79.21539050155349
1.5000016428530216,161.45507753826678,-79.6484031859953
1.5000016428530216,161.70507753267884,-80.08141587043713
1.5000016428530216,161.9550775270909,-80.51442855487893
1.5000016428530216,162.20507752150297,-80.94744123932077
1.5000016428530216,162.45507751591504,-81.38045392376259
1.5000016428530216,162.7050775103271,-81.8134666082044
1.5000016428530216,162.95507750473917,-82.24647929264621
1.5000016428530216,163.20507749915123,-82.67949197708803
1.5000016428530216,163.4550774935633,-83.11250466152987
1.250001648440957,163.70507748797536,-83.54551734597167
1.250001648440957,163.95507748238742,-83.9785300304135
1.250001648440957,164.2050774767995,-84.41154271485532
1.250001648440957,164.45507747121155,-84.84455539929714
1.250001648440957,164.70507746562362,-85.27756808373896
1.250001648440957,164.95507746003568,-85.71058076818076
1.250001648440957,165.20507745444775,-86.1435934526226
1.250001648440957,165.4550774488598,-86.57660613706442
1.250001648440957,165.70507744327188,-87.00961882150622
1.0000016540288925,165.95507743768394,-87.44263150594804
1.0000016540288925,166.205077432096,-87.87564419038986
1.0000016540288925,166.45507742650807,-88.3086568748317
1.0000016540288925,166.70507742092013,-88.7416695592735
1.0000016540288925,166.9550774153322,-89.17468224371532
1.0000016540288925,167.20507740974426,-89.60769492815714
0.750001659616828,167.45507740415633,-90.04070761259896
0.750001659616828,167.7050773985684,-90.47372029704078
0.750001659616828,167.95507739298046,-90.90673298148259
0.750001659616828,168.20507738739252,-91.33974566592443
0.750001659616828,168.45507738180459,-91.77275835036625
0.750001659616828,168.70507737621665,-92.20577103480807
0.5000016652047634,168.95507737062871,-92.63878371924987
0.5000016652047634,169.20507736504078,-93.07179640369169
0.5000016652047634,169.45507735945284,-93.50480908813353
0.5000016652047634,169.7050773538649,-93.93782177257533
0.5000016652047634,169.95507734827697,-94.37083445701715
0.25000167079269886,170.20507734268904,-94.80384714145897
0.25000167079269886,170.4550773371011,-95.2368598259008
0.25000167079269886,170.70507733151317,-95.66987251034261
0.25000167079269886,170.95507732592523,-96.10288519478442
1.6763806343078613e-06,171.2050773203373,-96.53589787922625
1.6763806343078613e-06,171.45507731474936,-96.96891056366808
1.6763806343078613e-06,171.70507730916142,-97.4019232481099
1.6763806343078613e-06,171.9550773035735,-97.8349359325517
-0.24999831803143024,172.20507729798555,-98.26794861699352
-0.24999831803143024,172.45507729239762,-98.70096130143536
-0.24999831803143024,172.70507728680968,-99.13397398587716
-0.24999831803143024,172.95507728122175,-99.56698667031898
-0.4999983124434948,173.2050772756338,-99.9999993547608
-0.4999983124434948,173.45507727004588,-100.43301203920262
-0.4999983124434948,173.70507726445794,-100.86602472364446
-0.4999983124434948,173.95507725887,-101.29903740808626
-0.7499983068555593,174.20507725328207,-101.73205009252808
-0.7499983068555593,174.45507724769413,-102.1650627769699
-0.7499983068555593,174.7050772421062,-102.59807546141171
-0.9999983012676239,174.95507723651826,-103.03108814585353
-0.9999983012676239,175.20507723093033,-103.46410083029537
-0.9999983012676239,175.4550772253424,-103.89711351473719
-1.2499982956796885,175.70507721975446,-104.330126199179
-1.2499982956796885,175.95507721416652,-104.76313888362081
-1.2499982956796885,176.2050772085786,-105.19615156806263
-1.499998290091753,176.45507720299065,-105.62916425250447
-1.499998290091753,176.70507719740272,-106.06217693694626
-1.7499982845038176,176.95507719181478,-106.49518962138809
-1.7499982845038176,177.20507718622684,-106.92820230582991
-1.7499982845038176,177.4550771806389,-107.36121499027173
-1.999998278915882,177.70507717505097,-107.79422767471357
-1.999998278915882,177.95507716946304,-108.22724035915536
-2.2499982733279467,178.2050771638751,-108.6602530435972
